{"branches": 66.34615384615384, "coverage": 76.58982511923689}