{"branches": 66.34615384615384, "coverage": 77.60523089497343}