{"branches": 63.829787234042556, "coverage": 75.48076923076923}