{"branches": 44.48275862068966, "coverage": 53.70858985634711}