{"branches": 63.73626373626373, "coverage": 75.59681697612733}