{"branches": 65.42553191489363, "coverage": 75.61188811188812}