{"branches": 66.34615384615384, "coverage": 76.57120127287192}