{"branches": 63.73626373626373, "coverage": 75.38529282254514}