{"branches": 44.827586206896555, "coverage": 54.631547795205684}