{"branches": 40.49295774647887, "coverage": 49.81021897810219}